Row Names,instance_auroc,instance_prauc,instance_mcc,full_pixel_auroc,full_pixel_prauc,full_pixel_mcc,full_pixel_pro,anomaly_pixel_auroc,anomaly_pixel_prauc,anomaly_pixel_mcc,anomaly_pixel_pro
mvtec_grid,0.9741019214703425,0.9899685032972803,0.9506282883828974,0.9628918957831468,0.1598651631753551,0.6154860469313795,0.41431813061387385,0.9587216500322435,0.1768227201406844,0.6380419183265984,0.24552900230655347
Mean,0.9741019214703425,0.9899685032972803,0.9506282883828974,0.9628918957831468,0.1598651631753551,0.6154860469313795,0.41431813061387385,0.9587216500322435,0.1768227201406844,0.6380419183265984,0.24552900230655347
