Row Names,instance_auroc,instance_prauc,instance_mcc,full_pixel_auroc,full_pixel_prauc,full_pixel_mcc,full_pixel_pro,anomaly_pixel_auroc,anomaly_pixel_prauc,anomaly_pixel_mcc,anomaly_pixel_pro
mvtec_grid,0.9741019214703425,0.9899685032972803,0.9506282883828974,0.9628916653417472,0.15986022422155294,0.6154765973280159,0.41429325614864726,0.9587216685381394,0.17682010039718374,0.6380460330203832,0.2455498107877145
Mean,0.9741019214703425,0.9899685032972803,0.9506282883828974,0.9628916653417472,0.15986022422155294,0.6154765973280159,0.41429325614864726,0.9587216685381394,0.17682010039718374,0.6380460330203832,0.2455498107877145
