Row Names,instance_auroc,full_pixel_auroc,anomaly_pixel_auroc
mvtec_bottle,1.0,0.9649558034316559,0.9527047216437652
mvtec_cable,0.9287856071964018,0.9527179116618607,0.9324336639883015
mvtec_capsule,0.8835261268448344,0.9723611359203957,0.967141986184368
mvtec_carpet,1.0,0.9901091166536063,0.9869229297816433
mvtec_grid,0.987468671679198,0.9456456088729189,0.9262191518873047
mvtec_hazelnut,0.9917857142857144,0.9853266910932063,0.9772983752349705
mvtec_leather,1.0,0.9889194004696232,0.9850299475144763
mvtec_metal_nut,0.9960899315738025,0.9645855840342775,0.9564039179427174
mvtec_pill,0.8933442444080741,0.961865131068145,0.9580448885790784
mvtec_screw,0.9067431850789096,0.9610710088603133,0.9529129581138066
mvtec_tile,0.9906204906204906,0.9358184072206002,0.9090754230506359
mvtec_toothbrush,1.0,0.9742605022144171,0.9644457056511194
mvtec_transistor,0.9508333333333333,0.9577944446779157,0.9236744436700006
mvtec_wood,0.9929824561403509,0.9141973280716766,0.8923129853898003
mvtec_zipper,0.993172268907563,0.9683693940874551,0.9599229382233345
Mean,0.9676901353379114,0.9625331645558711,0.9496362691236881
