Row Names,instance_auroc,full_pixel_auroc,anomaly_pixel_auroc
mvtec_bottle,1.0,0.986438938591859,0.9817050682220011
mvtec_cable,0.9857571214392804,0.9829414976181347,0.9739791109316062
mvtec_capsule,0.9812524930195453,0.9911602156330008,0.9893395098442528
mvtec_carpet,0.9650882825040128,0.987414298874405,0.9853918341613984
mvtec_grid,0.9832915622389307,0.9892461759457082,0.9856746972460977
mvtec_hazelnut,1.0,0.9856493663862671,0.9772928476108083
mvtec_leather,1.0,0.9924443742202711,0.9897923871267944
mvtec_metal_nut,0.9995112414467253,0.9884623408578023,0.9854500341450937
mvtec_pill,0.9803600654664485,0.9798539817595379,0.9777073560759652
mvtec_screw,0.9631071940971512,0.9947747671219802,0.9933811077730337
mvtec_tile,0.9888167388167389,0.9590868200361802,0.9423609568671025
mvtec_toothbrush,1.0,0.9867314830269616,0.9813765564087815
mvtec_transistor,1.0,0.9602753272070867,0.928250308042922
mvtec_wood,0.9982456140350878,0.9568875028158126,0.9452799518883239
mvtec_zipper,0.9942226890756303,0.9905931713216543,0.9880877718118717
Mean,0.9893102001426369,0.9821306840944442,0.9750046332104035
