Row Names,instance_auroc,full_pixel_auroc,anomaly_pixel_auroc
mvtec_bottle,1.0,0.9684570610852973,0.9574288385170835
mvtec_cable,0.989505247376312,0.9675438002310177,0.9484455998573444
mvtec_capsule,0.9034702832070204,0.9728478812687169,0.967662322981748
mvtec_carpet,0.9943820224719101,0.9893765231360812,0.986062763741976
mvtec_grid,0.8771929824561403,0.9202374957103049,0.9081901724676029
mvtec_hazelnut,0.9946428571428572,0.9857087836438632,0.9780154848710473
mvtec_leather,1.0,0.9897344155811358,0.9861310448840175
mvtec_metal_nut,0.9872922776148583,0.9736058417799516,0.9665984292864968
mvtec_pill,0.9282596835788325,0.9584253093024344,0.9530884381280741
mvtec_screw,0.8167657306825168,0.8362374663523743,0.822700465006539
mvtec_tile,0.9877344877344878,0.9568734460330314,0.9387580121277734
mvtec_toothbrush,0.9555555555555556,0.9770948424701967,0.9681460336114455
mvtec_transistor,0.9804166666666666,0.9807421254829108,0.9555149892081344
mvtec_wood,0.8947368421052632,0.9085571975694169,0.8935907807745364
mvtec_zipper,0.985031512605042,0.9481120834982536,0.9348641094518886
Mean,0.9529990766131642,0.9555702848763323,0.9443464989943806
