Row Names,instance_auroc,full_pixel_auroc,anomaly_pixel_auroc
mvtec_bottle,1.0,0.9752183415322221,0.9665539220902917
mvtec_cable,0.9955022488755622,0.9735379823415603,0.9573838654684995
mvtec_capsule,0.9297965696051058,0.9766219675120734,0.9720034758710072
mvtec_carpet,0.9859550561797753,0.9884226566247076,0.9848838200303136
mvtec_grid,0.8462823725981621,0.9027272796578504,0.8930396935820132
mvtec_hazelnut,0.99,0.9847786425442783,0.9767549546393635
mvtec_leather,1.0,0.9887744999869216,0.98483418483708
mvtec_metal_nut,0.9926686217008798,0.9835488361608028,0.9793863243876854
mvtec_pill,0.9399890889252591,0.9670300642127219,0.9631370424383294
mvtec_screw,0.7917606066816971,0.8198361015751798,0.8063020802925924
mvtec_tile,0.987012987012987,0.959187857636407,0.9423924354756268
mvtec_toothbrush,0.9972222222222222,0.9809666443451689,0.9737421245381829
mvtec_transistor,0.9962500000000001,0.9837911922580688,0.9599245248197502
mvtec_wood,0.9271929824561403,0.9069415575352794,0.8907103698307747
mvtec_zipper,0.9884453781512605,0.9455447639707091,0.9316071533693399
Mean,0.95787187562727,0.9557952258595968,0.9455103981113899
